SID,PID,HRMax,HRMin,HRMax-Min,HRMean,HRSTD,SBPMax,SBPMin,SBPMax-Min,SBPMean,SBPSTD,DBPMax,DBPMin,DBPMax-Min,DBPMean,DBPSTD,VPMax,VPMin,VPMax-Min,VPMean,VPSTD,APMax,APMin,APMax-Min,APMean,APSTD,KTVSlope,TBVSlope
5099,1,104,88,16,92.83714158,7.344849046,199,150,49,164.8268369,22.49728813,100,68,32,77.67764337,14.69011542,72,-59,131,43.23543907,18.06350707,1,1,0,1,0,0.00015681,0.006966846
7304,2,90,67,23,78.35249375,8.458385482,217,163,54,183.6862979,17.14832104,115,81,34,90.42562208,9.727049953,150,-70,220,101.6426165,18.54384293,1,0,1,0.434749538,0.495751029,0.000195588,0.007404107
9094,3,94,72,22,81.60820945,8.340415613,158,121,37,145.4173135,9.074822613,97,63,34,81.82397053,12.74631253,179,26,153,92.85949217,28.09645028,0,0,0,0,0,0.000157874,0.007131956
